1,Tyne,Squibe,Staff Accountant,XL,5
2,Liz,Devlin,Statisticia,L,10
3,Petronille,Tadlow,Quality Control Specialist,XL,5
4,Bruno,Betonia,Web Developer,XL,30
5,Gardiner,Crowther,VP Quality Control,L,7
6,Emlynn,Edkins,Quality Control Specialist,XS,4
7,Ode,Vennings,Technical Writer,XL,17
8,Sonni,Bouzek,Research Nurse,XL,10
9,Stern,Glynn,Marketing Manager,XS,21
10,Danila,Rauprich,Help Desk Operator,M,27
11,Shae,Glyn,GIS Technical Architect,L,15
12,Lesley,Wintle,Information Systems Manager,L,15
13,Gabriello,Brian,Nuclear Power Engineer,XL,28
14,Lester,Mungin,Research Assistant,XL,9
15,Hollyanne,Paylie,Information Systems Manager,S,5
16,Claude,Bravey,Sales Representative,S,16
17,Thelma,Tankus,Research Associate,L,9
18,Kimbell,Andryushchenko,Marketing Manager,XL,28
19,Anthony,Chieze,Professor,XL,13
20,Corrie,Pringle,Assistant Media Planner,M,9
21,Hannis,Dalgarnowch,VP Product Management,M,13
22,Agosto,Dearing,Accountant,XS,26
23,Devin,Vardon,Dental Hygienist,S,26
24,Maddy,Bonwick,Clinical Specialist,XL,6
25,Franzen,Huncoot,Accountant,L,13
26,Arnuad,Morson,Quality Engineer,XL,14
27,Shara,MacMychem,Graphic Designer,XL,12
28,Lothario,Speke,VP Accounting,XL,26
29,Slade,Phin,Analog Circuit Design manager,XS,30
30,Mattie,Fleckney,Software Test Engineer,L,9
31,Floria,Skarr,Director of Sales,M,13
32,Bryce,Gilstin,Media Manager,XL,8
33,Mallissa,Anthonies,Web Developer,XL,28
34,Louie,Andre,Registered Nurse,XS,21
35,See,Ivamy,Internal Auditor,L,10
36,Alicia,Treend,Engineer,XL,1
37,Geneva,Clausen-Thue,Quality Control Specialist,XL,18
38,Oran,Castellaccio,Editor,M,4
39,Beauregard,Rubert,Design Engineer,XL,5
40,Alix,Sugarman,Business Systems Development Analyst,XL,20
41,Wernher,Antcliffe,GIS Technical Architect,XL,26
42,Ellynn,Mowlam,Electrical Engineer,XL,22
43,Harriet,Windous,Computer Systems Analyst,L,10
44,Mauricio,Tippetts,Nuclear Power Engineer,M,29
45,Guinna,Heaven,Engineer,S,29
46,Emmaline,Dahle,Legal Assistant,XS,8
47,Federico,Buffham,Technical Writer,XL,11
48,Percy,Esgate,Software Consultant,XL,27
49,Bird,Worner,Biostatistician,XL,13
50,Zedekiah,Lyptrade,Help Desk Technician,XL,16
